date,year,month,month_name,quarter,product_name,category,total_units_sold,total_revenue_inr,avg_unit_price,stockout_count,lag_1_total,lag_3_total,rolling_avg_3,month_sin,month_cos,is_q4,is_winter,is_diwali_month,year_index
2022-01-01,2022,1,January,Q1,Alprazone-0.25,Anxiolytic,1181,3424.9,2.9,0,,,,0.49999999999999994,0.8660254037844387,0,1,0,0
2022-02-01,2022,2,February,Q1,Alprazone-0.25,Anxiolytic,1203,3488.7,2.9,0,1181.0,,,0.8660254037844386,0.5000000000000001,0,1,0,0
2022-03-01,2022,3,March,Q1,Alprazone-0.25,Anxiolytic,1131,3279.9,2.9,0,1203.0,,1171.6666666666667,1.0,6.123233995736766e-17,0,0,0,0
2022-04-01,2022,4,April,Q2,Alprazone-0.25,Anxiolytic,1197,3471.3,2.9,0,1131.0,1181.0,1177.0,0.8660254037844387,-0.4999999999999998,0,0,0,0
2022-05-01,2022,5,May,Q2,Alprazone-0.25,Anxiolytic,1096,3178.4,2.9,0,1197.0,1203.0,1141.3333333333333,0.49999999999999994,-0.8660254037844387,0,0,0,0
2022-06-01,2022,6,June,Q2,Alprazone-0.25,Anxiolytic,1107,3210.3,2.9,0,1096.0,1131.0,1133.3333333333333,1.2246467991473532e-16,-1.0,0,0,0,0
2022-07-01,2022,7,July,Q3,Alprazone-0.25,Anxiolytic,1119,3245.1,2.9,0,1107.0,1197.0,1107.3333333333333,-0.4999999999999997,-0.8660254037844388,0,0,0,0
2022-08-01,2022,8,August,Q3,Alprazone-0.25,Anxiolytic,1037,3007.3,2.9,0,1119.0,1096.0,1087.6666666666667,-0.8660254037844385,-0.5000000000000004,0,0,0,0
2022-09-01,2022,9,September,Q3,Alprazone-0.25,Anxiolytic,1015,2943.5,2.9,0,1037.0,1107.0,1057.0,-1.0,-1.8369701987210297e-16,0,0,0,0
2022-10-01,2022,10,October,Q4,Alprazone-0.25,Anxiolytic,904,2621.6,2.9,0,1015.0,1119.0,985.3333333333334,-0.8660254037844386,0.5000000000000001,1,0,1,0
2022-11-01,2022,11,November,Q4,Alprazone-0.25,Anxiolytic,1155,3349.5,2.9,0,904.0,1037.0,1024.6666666666667,-0.5000000000000004,0.8660254037844384,1,1,0,0
2022-12-01,2022,12,December,Q4,Alprazone-0.25,Anxiolytic,1147,3326.3,2.9,0,1155.0,1015.0,1068.6666666666667,-2.4492935982947064e-16,1.0,1,1,0,0
2023-01-01,2023,1,January,Q1,Alprazone-0.25,Anxiolytic,1151,3337.9,2.9,0,1147.0,904.0,1151.0,0.49999999999999994,0.8660254037844387,0,1,0,1
2023-02-01,2023,2,February,Q1,Alprazone-0.25,Anxiolytic,1188,3445.2,2.9,0,1151.0,1155.0,1162.0,0.8660254037844386,0.5000000000000001,0,1,0,1
2023-03-01,2023,3,March,Q1,Alprazone-0.25,Anxiolytic,1238,3590.2000000000003,2.9,0,1188.0,1147.0,1192.3333333333333,1.0,6.123233995736766e-17,0,0,0,1
2023-04-01,2023,4,April,Q2,Alprazone-0.25,Anxiolytic,1226,3555.4,2.9,0,1238.0,1151.0,1217.3333333333333,0.8660254037844387,-0.4999999999999998,0,0,0,1
2023-05-01,2023,5,May,Q2,Alprazone-0.25,Anxiolytic,1231,3569.9,2.9,0,1226.0,1188.0,1231.6666666666667,0.49999999999999994,-0.8660254037844387,0,0,0,1
2023-06-01,2023,6,June,Q2,Alprazone-0.25,Anxiolytic,1146,3323.4,2.9,0,1231.0,1238.0,1201.0,1.2246467991473532e-16,-1.0,0,0,0,1
2023-07-01,2023,7,July,Q3,Alprazone-0.25,Anxiolytic,1082,3137.8,2.9,0,1146.0,1226.0,1153.0,-0.4999999999999997,-0.8660254037844388,0,0,0,1
2023-08-01,2023,8,August,Q3,Alprazone-0.25,Anxiolytic,1092,3166.8,2.9,0,1082.0,1231.0,1106.6666666666667,-0.8660254037844385,-0.5000000000000004,0,0,0,1
2023-09-01,2023,9,September,Q3,Alprazone-0.25,Anxiolytic,1086,3149.4,2.9,0,1092.0,1146.0,1086.6666666666667,-1.0,-1.8369701987210297e-16,0,0,0,1
2023-10-01,2023,10,October,Q4,Alprazone-0.25,Anxiolytic,1029,2984.1,2.9,0,1086.0,1082.0,1069.0,-0.8660254037844386,0.5000000000000001,1,0,1,1
2023-11-01,2023,11,November,Q4,Alprazone-0.25,Anxiolytic,1167,3384.3,2.9,0,1029.0,1092.0,1094.0,-0.5000000000000004,0.8660254037844384,1,1,0,1
2023-12-01,2023,12,December,Q4,Alprazone-0.25,Anxiolytic,1239,3593.1,2.9,0,1167.0,1086.0,1145.0,-2.4492935982947064e-16,1.0,1,1,0,1
2024-01-01,2024,1,January,Q1,Alprazone-0.25,Anxiolytic,1308,3793.2,2.9,0,1239.0,1029.0,1238.0,0.49999999999999994,0.8660254037844387,0,1,0,2
2024-02-01,2024,2,February,Q1,Alprazone-0.25,Anxiolytic,1268,3677.2,2.9,0,1308.0,1167.0,1271.6666666666667,0.8660254037844386,0.5000000000000001,0,1,0,2
2024-03-01,2024,3,March,Q1,Alprazone-0.25,Anxiolytic,1283,3720.7,2.9,0,1268.0,1239.0,1286.3333333333333,1.0,6.123233995736766e-17,0,0,0,2
2024-04-01,2024,4,April,Q2,Alprazone-0.25,Anxiolytic,1228,3561.2000000000003,2.9,0,1283.0,1308.0,1259.6666666666667,0.8660254037844387,-0.4999999999999998,0,0,0,2
2024-05-01,2024,5,May,Q2,Alprazone-0.25,Anxiolytic,1267,3674.3,2.9,0,1228.0,1268.0,1259.3333333333333,0.49999999999999994,-0.8660254037844387,0,0,0,2
2022-01-01,2022,1,January,Q1,Clonazap-0.5,Psychotropic,948,3602.4,3.8,0,,,,0.49999999999999994,0.8660254037844387,0,1,0,0
2022-02-01,2022,2,February,Q1,Clonazap-0.5,Psychotropic,1006,3822.8,3.8,0,948.0,,,0.8660254037844386,0.5000000000000001,0,1,0,0
2022-03-01,2022,3,March,Q1,Clonazap-0.5,Psychotropic,928,3526.4,3.8,0,1006.0,,960.6666666666666,1.0,6.123233995736766e-17,0,0,0,0
2022-04-01,2022,4,April,Q2,Clonazap-0.5,Psychotropic,980,3724.0,3.8,0,928.0,948.0,971.3333333333334,0.8660254037844387,-0.4999999999999998,0,0,0,0
2022-05-01,2022,5,May,Q2,Clonazap-0.5,Psychotropic,938,3564.4,3.8,0,980.0,1006.0,948.6666666666666,0.49999999999999994,-0.8660254037844387,0,0,0,0
2022-06-01,2022,6,June,Q2,Clonazap-0.5,Psychotropic,921,3499.8,3.8,0,938.0,928.0,946.3333333333334,1.2246467991473532e-16,-1.0,0,0,0,0
2022-07-01,2022,7,July,Q3,Clonazap-0.5,Psychotropic,897,3408.6,3.8,0,921.0,980.0,918.6666666666666,-0.4999999999999997,-0.8660254037844388,0,0,0,0
2022-08-01,2022,8,August,Q3,Clonazap-0.5,Psychotropic,918,3488.4,3.8,0,897.0,938.0,912.0,-0.8660254037844385,-0.5000000000000004,0,0,0,0
2022-09-01,2022,9,September,Q3,Clonazap-0.5,Psychotropic,923,3507.4,3.8,0,918.0,921.0,912.6666666666666,-1.0,-1.8369701987210297e-16,0,0,0,0
2022-10-01,2022,10,October,Q4,Clonazap-0.5,Psychotropic,892,3389.6,3.8,0,923.0,897.0,911.0,-0.8660254037844386,0.5000000000000001,1,0,1,0
2022-11-01,2022,11,November,Q4,Clonazap-0.5,Psychotropic,971,3689.8,3.8,0,892.0,918.0,928.6666666666666,-0.5000000000000004,0.8660254037844384,1,1,0,0
2022-12-01,2022,12,December,Q4,Clonazap-0.5,Psychotropic,1002,3807.6,3.8,0,971.0,923.0,955.0,-2.4492935982947064e-16,1.0,1,1,0,0
2023-01-01,2023,1,January,Q1,Clonazap-0.5,Psychotropic,1103,4191.4,3.8,0,1002.0,892.0,1025.3333333333333,0.49999999999999994,0.8660254037844387,0,1,0,1
2023-02-01,2023,2,February,Q1,Clonazap-0.5,Psychotropic,1007,3826.6,3.8,0,1103.0,971.0,1037.3333333333333,0.8660254037844386,0.5000000000000001,0,1,0,1
2023-03-01,2023,3,March,Q1,Clonazap-0.5,Psychotropic,1017,3864.6,3.8,0,1007.0,1002.0,1042.3333333333333,1.0,6.123233995736766e-17,0,0,0,1
2023-04-01,2023,4,April,Q2,Clonazap-0.5,Psychotropic,999,3796.2,3.8,0,1017.0,1103.0,1007.6666666666666,0.8660254037844387,-0.4999999999999998,0,0,0,1
2023-05-01,2023,5,May,Q2,Clonazap-0.5,Psychotropic,947,3598.6,3.8,0,999.0,1007.0,987.6666666666666,0.49999999999999994,-0.8660254037844387,0,0,0,1
2023-06-01,2023,6,June,Q2,Clonazap-0.5,Psychotropic,1041,3955.8,3.8,0,947.0,1017.0,995.6666666666666,1.2246467991473532e-16,-1.0,0,0,0,1
2023-07-01,2023,7,July,Q3,Clonazap-0.5,Psychotropic,966,3670.8,3.8,0,1041.0,999.0,984.6666666666666,-0.4999999999999997,-0.8660254037844388,0,0,0,1
2023-08-01,2023,8,August,Q3,Clonazap-0.5,Psychotropic,927,3522.6,3.8,0,966.0,947.0,978.0,-0.8660254037844385,-0.5000000000000004,0,0,0,1
2023-09-01,2023,9,September,Q3,Clonazap-0.5,Psychotropic,943,3583.4,3.8,0,927.0,1041.0,945.3333333333334,-1.0,-1.8369701987210297e-16,0,0,0,1
2023-10-01,2023,10,October,Q4,Clonazap-0.5,Psychotropic,847,3218.6,3.8,0,943.0,966.0,905.6666666666666,-0.8660254037844386,0.5000000000000001,1,0,1,1
2023-11-01,2023,11,November,Q4,Clonazap-0.5,Psychotropic,1024,3891.2,3.8,0,847.0,927.0,938.0,-0.5000000000000004,0.8660254037844384,1,1,0,1
2023-12-01,2023,12,December,Q4,Clonazap-0.5,Psychotropic,1136,4316.8,3.8,0,1024.0,943.0,1002.3333333333334,-2.4492935982947064e-16,1.0,1,1,0,1
2024-01-01,2024,1,January,Q1,Clonazap-0.5,Psychotropic,1115,4237.0,3.8,0,1136.0,847.0,1091.6666666666667,0.49999999999999994,0.8660254037844387,0,1,0,2
2024-02-01,2024,2,February,Q1,Clonazap-0.5,Psychotropic,1111,4221.8,3.8,0,1115.0,1024.0,1120.6666666666667,0.8660254037844386,0.5000000000000001,0,1,0,2
2024-03-01,2024,3,March,Q1,Clonazap-0.5,Psychotropic,1075,4085.0,3.8,0,1111.0,1136.0,1100.3333333333333,1.0,6.123233995736766e-17,0,0,0,2
2024-04-01,2024,4,April,Q2,Clonazap-0.5,Psychotropic,1099,4176.2,3.8,0,1075.0,1115.0,1095.0,0.8660254037844387,-0.4999999999999998,0,0,0,2
2024-05-01,2024,5,May,Q2,Clonazap-0.5,Psychotropic,1086,4126.8,3.8,0,1099.0,1111.0,1086.6666666666667,0.49999999999999994,-0.8660254037844387,0,0,0,2
2022-01-01,2022,1,January,Q1,Escitab-10,Antidepressant,2104,8416.0,4.0,0,,,,0.49999999999999994,0.8660254037844387,0,1,0,0
2022-02-01,2022,2,February,Q1,Escitab-10,Antidepressant,2254,9016.0,4.0,0,2104.0,,,0.8660254037844386,0.5000000000000001,0,1,0,0
2022-03-01,2022,3,March,Q1,Escitab-10,Antidepressant,1960,7840.0,4.0,0,2254.0,,2106.0,1.0,6.123233995736766e-17,0,0,0,0
2022-04-01,2022,4,April,Q2,Escitab-10,Antidepressant,1796,7184.0,4.0,0,1960.0,2104.0,2003.3333333333333,0.8660254037844387,-0.4999999999999998,0,0,0,0
2022-05-01,2022,5,May,Q2,Escitab-10,Antidepressant,1673,6692.0,4.0,0,1796.0,2254.0,1809.6666666666667,0.49999999999999994,-0.8660254037844387,0,0,0,0
2022-06-01,2022,6,June,Q2,Escitab-10,Antidepressant,1454,5816.0,4.0,0,1673.0,1960.0,1641.0,1.2246467991473532e-16,-1.0,0,0,0,0
2022-07-01,2022,7,July,Q3,Escitab-10,Antidepressant,1514,6056.0,4.0,0,1454.0,1796.0,1547.0,-0.4999999999999997,-0.8660254037844388,0,0,0,0
2022-08-01,2022,8,August,Q3,Escitab-10,Antidepressant,1598,6392.0,4.0,0,1514.0,1673.0,1522.0,-0.8660254037844385,-0.5000000000000004,0,0,0,0
2022-09-01,2022,9,September,Q3,Escitab-10,Antidepressant,1530,6120.0,4.0,0,1598.0,1454.0,1547.3333333333333,-1.0,-1.8369701987210297e-16,0,0,0,0
2022-10-01,2022,10,October,Q4,Escitab-10,Antidepressant,1690,6760.0,4.0,0,1530.0,1514.0,1606.0,-0.8660254037844386,0.5000000000000001,1,0,1,0
2022-11-01,2022,11,November,Q4,Escitab-10,Antidepressant,2209,8836.0,4.0,0,1690.0,1598.0,1809.6666666666667,-0.5000000000000004,0.8660254037844384,1,1,0,0
2022-12-01,2022,12,December,Q4,Escitab-10,Antidepressant,2296,9184.0,4.0,0,2209.0,1530.0,2065.0,-2.4492935982947064e-16,1.0,1,1,0,0
2023-01-01,2023,1,January,Q1,Escitab-10,Antidepressant,2133,8532.0,4.0,0,2296.0,1690.0,2212.6666666666665,0.49999999999999994,0.8660254037844387,0,1,0,1
2023-02-01,2023,2,February,Q1,Escitab-10,Antidepressant,2259,9036.0,4.0,0,2133.0,2209.0,2229.333333333333,0.8660254037844386,0.5000000000000001,0,1,0,1
2023-03-01,2023,3,March,Q1,Escitab-10,Antidepressant,2186,8744.0,4.0,0,2259.0,2296.0,2192.6666666666665,1.0,6.123233995736766e-17,0,0,0,1
2023-04-01,2023,4,April,Q2,Escitab-10,Antidepressant,1817,7268.0,4.0,0,2186.0,2133.0,2087.333333333333,0.8660254037844387,-0.4999999999999998,0,0,0,1
2023-05-01,2023,5,May,Q2,Escitab-10,Antidepressant,1718,6872.0,4.0,0,1817.0,2259.0,1907.0,0.49999999999999994,-0.8660254037844387,0,0,0,1
2023-06-01,2023,6,June,Q2,Escitab-10,Antidepressant,1536,6144.0,4.0,0,1718.0,2186.0,1690.3333333333333,1.2246467991473532e-16,-1.0,0,0,0,1
2023-07-01,2023,7,July,Q3,Escitab-10,Antidepressant,1524,6096.0,4.0,0,1536.0,1817.0,1592.6666666666667,-0.4999999999999997,-0.8660254037844388,0,0,0,1
2023-08-01,2023,8,August,Q3,Escitab-10,Antidepressant,1563,6252.0,4.0,0,1524.0,1718.0,1541.0,-0.8660254037844385,-0.5000000000000004,0,0,0,1
2023-09-01,2023,9,September,Q3,Escitab-10,Antidepressant,1766,7064.0,4.0,0,1563.0,1536.0,1617.6666666666667,-1.0,-1.8369701987210297e-16,0,0,0,1
2023-10-01,2023,10,October,Q4,Escitab-10,Antidepressant,1626,6504.0,4.0,0,1766.0,1524.0,1651.6666666666667,-0.8660254037844386,0.5000000000000001,1,0,1,1
2023-11-01,2023,11,November,Q4,Escitab-10,Antidepressant,2342,9368.0,4.0,0,1626.0,1563.0,1911.3333333333333,-0.5000000000000004,0.8660254037844384,1,1,0,1
2023-12-01,2023,12,December,Q4,Escitab-10,Antidepressant,2141,8564.0,4.0,0,2342.0,1766.0,2036.3333333333333,-2.4492935982947064e-16,1.0,1,1,0,1
2024-01-01,2024,1,January,Q1,Escitab-10,Antidepressant,2316,9264.0,4.0,0,2141.0,1626.0,2266.333333333333,0.49999999999999994,0.8660254037844387,0,1,0,2
2024-02-01,2024,2,February,Q1,Escitab-10,Antidepressant,2398,9592.0,4.0,0,2316.0,2342.0,2285.0,0.8660254037844386,0.5000000000000001,0,1,0,2
2024-03-01,2024,3,March,Q1,Escitab-10,Antidepressant,2208,8832.0,4.0,0,2398.0,2141.0,2307.333333333333,1.0,6.123233995736766e-17,0,0,0,2
2024-04-01,2024,4,April,Q2,Escitab-10,Antidepressant,1868,7472.0,4.0,0,2208.0,2316.0,2158.0,0.8660254037844387,-0.4999999999999998,0,0,0,2
2024-05-01,2024,5,May,Q2,Escitab-10,Antidepressant,1800,7200.0,4.0,0,1868.0,2398.0,1958.6666666666667,0.49999999999999994,-0.8660254037844387,0,0,0,2
2022-01-01,2022,1,January,Q1,Fluox-20,Antidepressant,1521,5323.5,3.5,0,,,,0.49999999999999994,0.8660254037844387,0,1,0,0
2022-02-01,2022,2,February,Q1,Fluox-20,Antidepressant,1632,5712.0,3.5,0,1521.0,,,0.8660254037844386,0.5000000000000001,0,1,0,0
2022-03-01,2022,3,March,Q1,Fluox-20,Antidepressant,1704,5964.0,3.5,0,1632.0,,1619.0,1.0,6.123233995736766e-17,0,0,0,0
2022-04-01,2022,4,April,Q2,Fluox-20,Antidepressant,1560,5460.0,3.5,0,1704.0,1521.0,1632.0,0.8660254037844387,-0.4999999999999998,0,0,0,0
2022-05-01,2022,5,May,Q2,Fluox-20,Antidepressant,1611,5638.5,3.5,0,1560.0,1632.0,1625.0,0.49999999999999994,-0.8660254037844387,0,0,0,0
2022-06-01,2022,6,June,Q2,Fluox-20,Antidepressant,1545,5407.5,3.5,0,1611.0,1704.0,1572.0,1.2246467991473532e-16,-1.0,0,0,0,0
2022-07-01,2022,7,July,Q3,Fluox-20,Antidepressant,1387,4854.5,3.5,0,1545.0,1560.0,1514.3333333333333,-0.4999999999999997,-0.8660254037844388,0,0,0,0
2022-08-01,2022,8,August,Q3,Fluox-20,Antidepressant,1444,5054.0,3.5,0,1387.0,1611.0,1458.6666666666667,-0.8660254037844385,-0.5000000000000004,0,0,0,0
2022-09-01,2022,9,September,Q3,Fluox-20,Antidepressant,1363,4770.5,3.5,0,1444.0,1545.0,1398.0,-1.0,-1.8369701987210297e-16,0,0,0,0
2022-10-01,2022,10,October,Q4,Fluox-20,Antidepressant,1265,4427.5,3.5,0,1363.0,1387.0,1357.3333333333333,-0.8660254037844386,0.5000000000000001,1,0,1,0
2022-11-01,2022,11,November,Q4,Fluox-20,Antidepressant,1663,5820.5,3.5,0,1265.0,1444.0,1430.3333333333333,-0.5000000000000004,0.8660254037844384,1,1,0,0
2022-12-01,2022,12,December,Q4,Fluox-20,Antidepressant,1619,5666.5,3.5,0,1663.0,1363.0,1515.6666666666667,-2.4492935982947064e-16,1.0,1,1,0,0
2023-01-01,2023,1,January,Q1,Fluox-20,Antidepressant,1670,5845.0,3.5,0,1619.0,1265.0,1650.6666666666667,0.49999999999999994,0.8660254037844387,0,1,0,1
2023-02-01,2023,2,February,Q1,Fluox-20,Antidepressant,1631,5708.5,3.5,0,1670.0,1663.0,1640.0,0.8660254037844386,0.5000000000000001,0,1,0,1
2023-03-01,2023,3,March,Q1,Fluox-20,Antidepressant,1683,5890.5,3.5,0,1631.0,1619.0,1661.3333333333333,1.0,6.123233995736766e-17,0,0,0,1
2023-04-01,2023,4,April,Q2,Fluox-20,Antidepressant,1764,6174.0,3.5,0,1683.0,1670.0,1692.6666666666667,0.8660254037844387,-0.4999999999999998,0,0,0,1
2023-05-01,2023,5,May,Q2,Fluox-20,Antidepressant,1654,5789.0,3.5,0,1764.0,1631.0,1700.3333333333333,0.49999999999999994,-0.8660254037844387,0,0,0,1
2023-06-01,2023,6,June,Q2,Fluox-20,Antidepressant,1569,5491.5,3.5,0,1654.0,1683.0,1662.3333333333333,1.2246467991473532e-16,-1.0,0,0,0,1
2023-07-01,2023,7,July,Q3,Fluox-20,Antidepressant,1531,5358.5,3.5,0,1569.0,1764.0,1584.6666666666667,-0.4999999999999997,-0.8660254037844388,0,0,0,1
2023-08-01,2023,8,August,Q3,Fluox-20,Antidepressant,1515,5302.5,3.5,0,1531.0,1654.0,1538.3333333333333,-0.8660254037844385,-0.5000000000000004,0,0,0,1
2023-09-01,2023,9,September,Q3,Fluox-20,Antidepressant,1484,5194.0,3.5,0,1515.0,1569.0,1510.0,-1.0,-1.8369701987210297e-16,0,0,0,1
2023-10-01,2023,10,October,Q4,Fluox-20,Antidepressant,1336,4676.0,3.5,0,1484.0,1531.0,1445.0,-0.8660254037844386,0.5000000000000001,1,0,1,1
2023-11-01,2023,11,November,Q4,Fluox-20,Antidepressant,1684,5894.0,3.5,0,1336.0,1515.0,1501.3333333333333,-0.5000000000000004,0.8660254037844384,1,1,0,1
2023-12-01,2023,12,December,Q4,Fluox-20,Antidepressant,1665,5827.5,3.5,0,1684.0,1484.0,1561.6666666666667,-2.4492935982947064e-16,1.0,1,1,0,1
2024-01-01,2024,1,January,Q1,Fluox-20,Antidepressant,1762,6167.0,3.5,0,1665.0,1336.0,1703.6666666666667,0.49999999999999994,0.8660254037844387,0,1,0,2
2024-02-01,2024,2,February,Q1,Fluox-20,Antidepressant,1751,6128.5,3.5,0,1762.0,1684.0,1726.0,0.8660254037844386,0.5000000000000001,0,1,0,2
2024-03-01,2024,3,March,Q1,Fluox-20,Antidepressant,1850,6475.0,3.5,0,1751.0,1665.0,1787.6666666666667,1.0,6.123233995736766e-17,0,0,0,2
2024-04-01,2024,4,April,Q2,Fluox-20,Antidepressant,1788,6258.0,3.5,0,1850.0,1762.0,1796.3333333333333,0.8660254037844387,-0.4999999999999998,0,0,0,2
2024-05-01,2024,5,May,Q2,Fluox-20,Antidepressant,1728,6048.0,3.5,0,1788.0,1751.0,1788.6666666666667,0.49999999999999994,-0.8660254037844387,0,0,0,2
2022-01-01,2022,1,January,Q1,Lithosun-SR,Psychotropic,826,4212.6,5.1,0,,,,0.49999999999999994,0.8660254037844387,0,1,0,0
2022-02-01,2022,2,February,Q1,Lithosun-SR,Psychotropic,779,3972.9,5.1,0,826.0,,,0.8660254037844386,0.5000000000000001,0,1,0,0
2022-03-01,2022,3,March,Q1,Lithosun-SR,Psychotropic,839,4278.9,5.1,0,779.0,,814.6666666666666,1.0,6.123233995736766e-17,0,0,0,0
2022-04-01,2022,4,April,Q2,Lithosun-SR,Psychotropic,873,4452.3,5.1,0,839.0,826.0,830.3333333333334,0.8660254037844387,-0.4999999999999998,0,0,0,0
2022-05-01,2022,5,May,Q2,Lithosun-SR,Psychotropic,828,4222.8,5.1,0,873.0,779.0,846.6666666666666,0.49999999999999994,-0.8660254037844387,0,0,0,0
2022-06-01,2022,6,June,Q2,Lithosun-SR,Psychotropic,763,3891.3,5.1,0,828.0,839.0,821.3333333333334,1.2246467991473532e-16,-1.0,0,0,0,0
2022-07-01,2022,7,July,Q3,Lithosun-SR,Psychotropic,807,4115.7,5.1,0,763.0,873.0,799.3333333333334,-0.4999999999999997,-0.8660254037844388,0,0,0,0
2022-08-01,2022,8,August,Q3,Lithosun-SR,Psychotropic,820,4182.0,5.1,0,807.0,828.0,796.6666666666666,-0.8660254037844385,-0.5000000000000004,0,0,0,0
2022-09-01,2022,9,September,Q3,Lithosun-SR,Psychotropic,748,3814.8,5.1,0,820.0,763.0,791.6666666666666,-1.0,-1.8369701987210297e-16,0,0,0,0
2022-10-01,2022,10,October,Q4,Lithosun-SR,Psychotropic,670,3417.0,5.1,0,748.0,807.0,746.0,-0.8660254037844386,0.5000000000000001,1,0,1,0
2022-11-01,2022,11,November,Q4,Lithosun-SR,Psychotropic,840,4284.0,5.1,0,670.0,820.0,752.6666666666666,-0.5000000000000004,0.8660254037844384,1,1,0,0
2022-12-01,2022,12,December,Q4,Lithosun-SR,Psychotropic,873,4452.3,5.1,0,840.0,748.0,794.3333333333334,-2.4492935982947064e-16,1.0,1,1,0,0
2023-01-01,2023,1,January,Q1,Lithosun-SR,Psychotropic,841,4289.099999999999,5.1,0,873.0,670.0,851.3333333333334,0.49999999999999994,0.8660254037844387,0,1,0,1
2023-02-01,2023,2,February,Q1,Lithosun-SR,Psychotropic,902,4600.2,5.1,0,841.0,840.0,872.0,0.8660254037844386,0.5000000000000001,0,1,0,1
2023-03-01,2023,3,March,Q1,Lithosun-SR,Psychotropic,912,4651.2,5.1,0,902.0,873.0,885.0,1.0,6.123233995736766e-17,0,0,0,1
2023-04-01,2023,4,April,Q2,Lithosun-SR,Psychotropic,866,4416.6,5.1,0,912.0,841.0,893.3333333333334,0.8660254037844387,-0.4999999999999998,0,0,0,1
2023-05-01,2023,5,May,Q2,Lithosun-SR,Psychotropic,893,4554.3,5.1,0,866.0,902.0,890.3333333333334,0.49999999999999994,-0.8660254037844387,0,0,0,1
2023-06-01,2023,6,June,Q2,Lithosun-SR,Psychotropic,850,4335.0,5.1,0,893.0,912.0,869.6666666666666,1.2246467991473532e-16,-1.0,0,0,0,1
2023-07-01,2023,7,July,Q3,Lithosun-SR,Psychotropic,859,4380.9,5.1,0,850.0,866.0,867.3333333333334,-0.4999999999999997,-0.8660254037844388,0,0,0,1
2023-08-01,2023,8,August,Q3,Lithosun-SR,Psychotropic,910,4641.0,5.1,0,859.0,893.0,873.0,-0.8660254037844385,-0.5000000000000004,0,0,0,1
2023-09-01,2023,9,September,Q3,Lithosun-SR,Psychotropic,800,4080.0,5.1,0,910.0,850.0,856.3333333333334,-1.0,-1.8369701987210297e-16,0,0,0,1
2023-10-01,2023,10,October,Q4,Lithosun-SR,Psychotropic,749,3819.9,5.1,0,800.0,859.0,819.6666666666666,-0.8660254037844386,0.5000000000000001,1,0,1,1
2023-11-01,2023,11,November,Q4,Lithosun-SR,Psychotropic,845,4309.5,5.1,0,749.0,910.0,798.0,-0.5000000000000004,0.8660254037844384,1,1,0,1
2023-12-01,2023,12,December,Q4,Lithosun-SR,Psychotropic,942,4804.2,5.1,0,845.0,800.0,845.3333333333334,-2.4492935982947064e-16,1.0,1,1,0,1
2024-01-01,2024,1,January,Q1,Lithosun-SR,Psychotropic,933,4758.3,5.1,0,942.0,749.0,906.6666666666666,0.49999999999999994,0.8660254037844387,0,1,0,2
2024-02-01,2024,2,February,Q1,Lithosun-SR,Psychotropic,880,4488.0,5.1,0,933.0,845.0,918.3333333333334,0.8660254037844386,0.5000000000000001,0,1,0,2
2024-03-01,2024,3,March,Q1,Lithosun-SR,Psychotropic,888,4528.8,5.1,0,880.0,942.0,900.3333333333334,1.0,6.123233995736766e-17,0,0,0,2
2024-04-01,2024,4,April,Q2,Lithosun-SR,Psychotropic,946,4824.599999999999,5.1,0,888.0,933.0,904.6666666666666,0.8660254037844387,-0.4999999999999998,0,0,0,2
2024-05-01,2024,5,May,Q2,Lithosun-SR,Psychotropic,814,4151.4,5.1,0,946.0,880.0,882.6666666666666,0.49999999999999994,-0.8660254037844387,0,0,0,2
2022-01-01,2022,1,January,Q1,Psychoril-25,Psychotropic,1274,5350.8,4.2,0,,,,0.49999999999999994,0.8660254037844387,0,1,0,0
2022-02-01,2022,2,February,Q1,Psychoril-25,Psychotropic,1199,5035.8,4.2,0,1274.0,,,0.8660254037844386,0.5000000000000001,0,1,0,0
2022-03-01,2022,3,March,Q1,Psychoril-25,Psychotropic,1220,5124.0,4.2,0,1199.0,,1231.0,1.0,6.123233995736766e-17,0,0,0,0
2022-04-01,2022,4,April,Q2,Psychoril-25,Psychotropic,1205,5061.0,4.2,0,1220.0,1274.0,1208.0,0.8660254037844387,-0.4999999999999998,0,0,0,0
2022-05-01,2022,5,May,Q2,Psychoril-25,Psychotropic,1306,5485.2,4.2,0,1205.0,1199.0,1243.6666666666667,0.49999999999999994,-0.8660254037844387,0,0,0,0
2022-06-01,2022,6,June,Q2,Psychoril-25,Psychotropic,1273,5346.6,4.2,0,1306.0,1220.0,1261.3333333333333,1.2246467991473532e-16,-1.0,0,0,0,0
2022-07-01,2022,7,July,Q3,Psychoril-25,Psychotropic,1222,5132.4,4.2,0,1273.0,1205.0,1267.0,-0.4999999999999997,-0.8660254037844388,0,0,0,0
2022-08-01,2022,8,August,Q3,Psychoril-25,Psychotropic,1147,4817.4,4.2,0,1222.0,1306.0,1214.0,-0.8660254037844385,-0.5000000000000004,0,0,0,0
2022-09-01,2022,9,September,Q3,Psychoril-25,Psychotropic,1112,4670.4,4.2,0,1147.0,1273.0,1160.3333333333333,-1.0,-1.8369701987210297e-16,0,0,0,0
2022-10-01,2022,10,October,Q4,Psychoril-25,Psychotropic,1126,4729.2,4.2,0,1112.0,1222.0,1128.3333333333333,-0.8660254037844386,0.5000000000000001,1,0,1,0
2022-11-01,2022,11,November,Q4,Psychoril-25,Psychotropic,1207,5069.400000000001,4.2,0,1126.0,1147.0,1148.3333333333333,-0.5000000000000004,0.8660254037844384,1,1,0,0
2022-12-01,2022,12,December,Q4,Psychoril-25,Psychotropic,1341,5632.200000000001,4.2,0,1207.0,1112.0,1224.6666666666667,-2.4492935982947064e-16,1.0,1,1,0,0
2023-01-01,2023,1,January,Q1,Psychoril-25,Psychotropic,1280,5376.0,4.2,0,1341.0,1126.0,1276.0,0.49999999999999994,0.8660254037844387,0,1,0,1
2023-02-01,2023,2,February,Q1,Psychoril-25,Psychotropic,1296,5443.2,4.2,0,1280.0,1207.0,1305.6666666666667,0.8660254037844386,0.5000000000000001,0,1,0,1
2023-03-01,2023,3,March,Q1,Psychoril-25,Psychotropic,1290,5418.0,4.2,0,1296.0,1341.0,1288.6666666666667,1.0,6.123233995736766e-17,0,0,0,1
2023-04-01,2023,4,April,Q2,Psychoril-25,Psychotropic,1327,5573.4,4.2,0,1290.0,1280.0,1304.3333333333333,0.8660254037844387,-0.4999999999999998,0,0,0,1
2023-05-01,2023,5,May,Q2,Psychoril-25,Psychotropic,1338,5619.6,4.2,0,1327.0,1296.0,1318.3333333333333,0.49999999999999994,-0.8660254037844387,0,0,0,1
2023-06-01,2023,6,June,Q2,Psychoril-25,Psychotropic,1229,5161.8,4.2,0,1338.0,1290.0,1298.0,1.2246467991473532e-16,-1.0,0,0,0,1
2023-07-01,2023,7,July,Q3,Psychoril-25,Psychotropic,1194,5014.8,4.2,0,1229.0,1327.0,1253.6666666666667,-0.4999999999999997,-0.8660254037844388,0,0,0,1
2023-08-01,2023,8,August,Q3,Psychoril-25,Psychotropic,1338,5619.6,4.2,0,1194.0,1338.0,1253.6666666666667,-0.8660254037844385,-0.5000000000000004,0,0,0,1
2023-09-01,2023,9,September,Q3,Psychoril-25,Psychotropic,1225,5145.0,4.2,0,1338.0,1229.0,1252.3333333333333,-1.0,-1.8369701987210297e-16,0,0,0,1
2023-10-01,2023,10,October,Q4,Psychoril-25,Psychotropic,1092,4586.4,4.2,0,1225.0,1194.0,1218.3333333333333,-0.8660254037844386,0.5000000000000001,1,0,1,1
2023-11-01,2023,11,November,Q4,Psychoril-25,Psychotropic,1318,5535.6,4.2,0,1092.0,1338.0,1211.6666666666667,-0.5000000000000004,0.8660254037844384,1,1,0,1
2023-12-01,2023,12,December,Q4,Psychoril-25,Psychotropic,1364,5728.8,4.2,0,1318.0,1225.0,1258.0,-2.4492935982947064e-16,1.0,1,1,0,1
2024-01-01,2024,1,January,Q1,Psychoril-25,Psychotropic,1382,5804.4,4.2,0,1364.0,1092.0,1354.6666666666667,0.49999999999999994,0.8660254037844387,0,1,0,2
2024-02-01,2024,2,February,Q1,Psychoril-25,Psychotropic,1286,5401.2,4.2,0,1382.0,1318.0,1344.0,0.8660254037844386,0.5000000000000001,0,1,0,2
2024-03-01,2024,3,March,Q1,Psychoril-25,Psychotropic,1301,5464.2,4.2,0,1286.0,1364.0,1323.0,1.0,6.123233995736766e-17,0,0,0,2
2024-04-01,2024,4,April,Q2,Psychoril-25,Psychotropic,1337,5615.4,4.2,0,1301.0,1382.0,1308.0,0.8660254037844387,-0.4999999999999998,0,0,0,2
2024-05-01,2024,5,May,Q2,Psychoril-25,Psychotropic,1380,5796.0,4.2,0,1337.0,1286.0,1339.3333333333333,0.49999999999999994,-0.8660254037844387,0,0,0,2
2022-01-01,2022,1,January,Q1,Quetinil-100,Antipsychotic,651,4687.2,7.2,0,,,,0.49999999999999994,0.8660254037844387,0,1,0,0
2022-02-01,2022,2,February,Q1,Quetinil-100,Antipsychotic,682,4910.4,7.2,0,651.0,,,0.8660254037844386,0.5000000000000001,0,1,0,0
2022-03-01,2022,3,March,Q1,Quetinil-100,Antipsychotic,683,4917.6,7.2,0,682.0,,672.0,1.0,6.123233995736766e-17,0,0,0,0
2022-04-01,2022,4,April,Q2,Quetinil-100,Antipsychotic,654,4708.8,7.2,0,683.0,651.0,673.0,0.8660254037844387,-0.4999999999999998,0,0,0,0
2022-05-01,2022,5,May,Q2,Quetinil-100,Antipsychotic,683,4917.6,7.2,0,654.0,682.0,673.3333333333334,0.49999999999999994,-0.8660254037844387,0,0,0,0
2022-06-01,2022,6,June,Q2,Quetinil-100,Antipsychotic,669,4816.8,7.2,0,683.0,683.0,668.6666666666666,1.2246467991473532e-16,-1.0,0,0,0,0
2022-07-01,2022,7,July,Q3,Quetinil-100,Antipsychotic,608,4377.599999999999,7.2,0,669.0,654.0,653.3333333333334,-0.4999999999999997,-0.8660254037844388,0,0,0,0
2022-08-01,2022,8,August,Q3,Quetinil-100,Antipsychotic,616,4435.2,7.2,0,608.0,683.0,631.0,-0.8660254037844385,-0.5000000000000004,0,0,0,0
2022-09-01,2022,9,September,Q3,Quetinil-100,Antipsychotic,599,4312.8,7.2,0,616.0,669.0,607.6666666666666,-1.0,-1.8369701987210297e-16,0,0,0,0
2022-10-01,2022,10,October,Q4,Quetinil-100,Antipsychotic,602,4334.4,7.2,1,599.0,608.0,605.6666666666666,-0.8660254037844386,0.5000000000000001,1,0,1,0
2022-11-01,2022,11,November,Q4,Quetinil-100,Antipsychotic,700,5040.0,7.2,0,602.0,616.0,633.6666666666666,-0.5000000000000004,0.8660254037844384,1,1,0,0
2022-12-01,2022,12,December,Q4,Quetinil-100,Antipsychotic,687,4946.4,7.2,0,700.0,599.0,663.0,-2.4492935982947064e-16,1.0,1,1,0,0
2023-01-01,2023,1,January,Q1,Quetinil-100,Antipsychotic,675,4860.0,7.2,0,687.0,602.0,687.3333333333334,0.49999999999999994,0.8660254037844387,0,1,0,1
2023-02-01,2023,2,February,Q1,Quetinil-100,Antipsychotic,745,5364.0,7.2,0,675.0,700.0,702.3333333333334,0.8660254037844386,0.5000000000000001,0,1,0,1
2023-03-01,2023,3,March,Q1,Quetinil-100,Antipsychotic,712,5126.4,7.2,0,745.0,687.0,710.6666666666666,1.0,6.123233995736766e-17,0,0,0,1
2023-04-01,2023,4,April,Q2,Quetinil-100,Antipsychotic,724,5212.8,7.2,0,712.0,675.0,727.0,0.8660254037844387,-0.4999999999999998,0,0,0,1
2023-05-01,2023,5,May,Q2,Quetinil-100,Antipsychotic,707,5090.4,7.2,1,724.0,745.0,714.3333333333334,0.49999999999999994,-0.8660254037844387,0,0,0,1
2023-06-01,2023,6,June,Q2,Quetinil-100,Antipsychotic,668,4809.6,7.2,0,707.0,712.0,699.6666666666666,1.2246467991473532e-16,-1.0,0,0,0,1
2023-07-01,2023,7,July,Q3,Quetinil-100,Antipsychotic,620,4464.0,7.2,0,668.0,724.0,665.0,-0.4999999999999997,-0.8660254037844388,0,0,0,1
2023-08-01,2023,8,August,Q3,Quetinil-100,Antipsychotic,651,4687.2,7.2,0,620.0,707.0,646.3333333333334,-0.8660254037844385,-0.5000000000000004,0,0,0,1
2023-09-01,2023,9,September,Q3,Quetinil-100,Antipsychotic,621,4471.2,7.2,0,651.0,668.0,630.6666666666666,-1.0,-1.8369701987210297e-16,0,0,0,1
2023-10-01,2023,10,October,Q4,Quetinil-100,Antipsychotic,620,4464.0,7.2,0,621.0,620.0,630.6666666666666,-0.8660254037844386,0.5000000000000001,1,0,1,1
2023-11-01,2023,11,November,Q4,Quetinil-100,Antipsychotic,742,5342.4,7.2,0,620.0,651.0,661.0,-0.5000000000000004,0.8660254037844384,1,1,0,1
2023-12-01,2023,12,December,Q4,Quetinil-100,Antipsychotic,739,5320.799999999999,7.2,0,742.0,621.0,700.3333333333334,-2.4492935982947064e-16,1.0,1,1,0,1
2024-01-01,2024,1,January,Q1,Quetinil-100,Antipsychotic,757,5450.4,7.2,0,739.0,620.0,746.0,0.49999999999999994,0.8660254037844387,0,1,0,2
2024-02-01,2024,2,February,Q1,Quetinil-100,Antipsychotic,755,5436.0,7.2,0,757.0,742.0,750.3333333333334,0.8660254037844386,0.5000000000000001,0,1,0,2
2024-03-01,2024,3,March,Q1,Quetinil-100,Antipsychotic,742,5342.4,7.2,0,755.0,739.0,751.3333333333334,1.0,6.123233995736766e-17,0,0,0,2
2024-04-01,2024,4,April,Q2,Quetinil-100,Antipsychotic,735,5292.0,7.2,0,742.0,757.0,744.0,0.8660254037844387,-0.4999999999999998,0,0,0,2
2024-05-01,2024,5,May,Q2,Quetinil-100,Antipsychotic,689,4960.8,7.2,0,735.0,755.0,722.0,0.49999999999999994,-0.8660254037844387,0,0,0,2
2022-01-01,2022,1,January,Q1,Risperidon-2,Antipsychotic,728,4950.4,6.8,0,,,,0.49999999999999994,0.8660254037844387,0,1,0,0
2022-02-01,2022,2,February,Q1,Risperidon-2,Antipsychotic,692,4705.6,6.8,0,728.0,,,0.8660254037844386,0.5000000000000001,0,1,0,0
2022-03-01,2022,3,March,Q1,Risperidon-2,Antipsychotic,714,4855.2,6.8,0,692.0,,711.3333333333334,1.0,6.123233995736766e-17,0,0,0,0
2022-04-01,2022,4,April,Q2,Risperidon-2,Antipsychotic,713,4848.4,6.8,0,714.0,728.0,706.3333333333334,0.8660254037844387,-0.4999999999999998,0,0,0,0
2022-05-01,2022,5,May,Q2,Risperidon-2,Antipsychotic,733,4984.4,6.8,0,713.0,692.0,720.0,0.49999999999999994,-0.8660254037844387,0,0,0,0
2022-06-01,2022,6,June,Q2,Risperidon-2,Antipsychotic,651,4426.8,6.8,0,733.0,714.0,699.0,1.2246467991473532e-16,-1.0,0,0,0,0
2022-07-01,2022,7,July,Q3,Risperidon-2,Antipsychotic,686,4664.8,6.8,0,651.0,713.0,690.0,-0.4999999999999997,-0.8660254037844388,0,0,0,0
2022-08-01,2022,8,August,Q3,Risperidon-2,Antipsychotic,679,4617.2,6.8,0,686.0,733.0,672.0,-0.8660254037844385,-0.5000000000000004,0,0,0,0
2022-09-01,2022,9,September,Q3,Risperidon-2,Antipsychotic,675,4590.0,6.8,0,679.0,651.0,680.0,-1.0,-1.8369701987210297e-16,0,0,0,0
2022-10-01,2022,10,October,Q4,Risperidon-2,Antipsychotic,591,4018.8,6.8,0,675.0,686.0,648.3333333333334,-0.8660254037844386,0.5000000000000001,1,0,1,0
2022-11-01,2022,11,November,Q4,Risperidon-2,Antipsychotic,732,4977.6,6.8,0,591.0,679.0,666.0,-0.5000000000000004,0.8660254037844384,1,1,0,0
2022-12-01,2022,12,December,Q4,Risperidon-2,Antipsychotic,798,5426.4,6.8,0,732.0,675.0,707.0,-2.4492935982947064e-16,1.0,1,1,0,0
2023-01-01,2023,1,January,Q1,Risperidon-2,Antipsychotic,775,5270.0,6.8,0,798.0,591.0,768.3333333333334,0.49999999999999994,0.8660254037844387,0,1,0,1
2023-02-01,2023,2,February,Q1,Risperidon-2,Antipsychotic,781,5310.8,6.8,0,775.0,732.0,784.6666666666666,0.8660254037844386,0.5000000000000001,0,1,0,1
2023-03-01,2023,3,March,Q1,Risperidon-2,Antipsychotic,746,5072.8,6.8,0,781.0,798.0,767.3333333333334,1.0,6.123233995736766e-17,0,0,0,1
2023-04-01,2023,4,April,Q2,Risperidon-2,Antipsychotic,765,5202.0,6.8,0,746.0,775.0,764.0,0.8660254037844387,-0.4999999999999998,0,0,0,1
2023-05-01,2023,5,May,Q2,Risperidon-2,Antipsychotic,765,5202.0,6.8,0,765.0,781.0,758.6666666666666,0.49999999999999994,-0.8660254037844387,0,0,0,1
2023-06-01,2023,6,June,Q2,Risperidon-2,Antipsychotic,658,4474.400000000001,6.8,0,765.0,746.0,729.3333333333334,1.2246467991473532e-16,-1.0,0,0,0,1
2023-07-01,2023,7,July,Q3,Risperidon-2,Antipsychotic,674,4583.2,6.8,0,658.0,765.0,699.0,-0.4999999999999997,-0.8660254037844388,0,0,0,1
2023-08-01,2023,8,August,Q3,Risperidon-2,Antipsychotic,740,5032.0,6.8,0,674.0,765.0,690.6666666666666,-0.8660254037844385,-0.5000000000000004,0,0,0,1
2023-09-01,2023,9,September,Q3,Risperidon-2,Antipsychotic,711,4834.8,6.8,0,740.0,658.0,708.3333333333334,-1.0,-1.8369701987210297e-16,0,0,0,1
2023-10-01,2023,10,October,Q4,Risperidon-2,Antipsychotic,614,4175.2,6.8,0,711.0,674.0,688.3333333333334,-0.8660254037844386,0.5000000000000001,1,0,1,1
2023-11-01,2023,11,November,Q4,Risperidon-2,Antipsychotic,797,5419.6,6.8,0,614.0,740.0,707.3333333333334,-0.5000000000000004,0.8660254037844384,1,1,0,1
2023-12-01,2023,12,December,Q4,Risperidon-2,Antipsychotic,810,5508.0,6.8,0,797.0,711.0,740.3333333333334,-2.4492935982947064e-16,1.0,1,1,0,1
2024-01-01,2024,1,January,Q1,Risperidon-2,Antipsychotic,785,5338.0,6.8,0,810.0,614.0,797.3333333333334,0.49999999999999994,0.8660254037844387,0,1,0,2
2024-02-01,2024,2,February,Q1,Risperidon-2,Antipsychotic,838,5698.4,6.8,0,785.0,797.0,811.0,0.8660254037844386,0.5000000000000001,0,1,0,2
2024-03-01,2024,3,March,Q1,Risperidon-2,Antipsychotic,792,5385.6,6.8,0,838.0,810.0,805.0,1.0,6.123233995736766e-17,0,0,0,2
2024-04-01,2024,4,April,Q2,Risperidon-2,Antipsychotic,767,5215.6,6.8,0,792.0,785.0,799.0,0.8660254037844387,-0.4999999999999998,0,0,0,2
2024-05-01,2024,5,May,Q2,Risperidon-2,Antipsychotic,800,5440.0,6.8,0,767.0,838.0,786.3333333333334,0.49999999999999994,-0.8660254037844387,0,0,0,2
